theta,sequence
2.0,0100000100
2.0,0000100001
2.0,0000100000
2.0,0000100000
2.0,1100000001
2.0,0000100000
2.0,0100000100
2.0,0100000000
2.0,0100000000
2.0,0100100010
2.0,0100100000
2.0,0100000000
2.0,0100000000
2.0,0000000000
2.0,0100100010
2.0,0100000000
2.0,0100000001
2.0,0100000001
2.0,0100000000
2.0,0100000100
2.0,0000000010
2.0,0100000100
2.0,0110000000
2.0,1100000001
2.0,0000100000
2.0,0000000100
2.0,0100000001
2.0,0000100100
2.0,0100000001
2.0,0100100000
2.0,0000000100
2.0,0100000100
2.0,0000000010
2.0,0100100000
2.0,0000100000
2.0,0110000000
2.0,0100100000
2.0,0000100000
2.0,0100000000
2.0,0100000000
2.0,0100000001
2.0,0100000001
2.0,0100000001
2.0,0000100000
2.0,0000100000
2.0,0100000001
2.0,1000001010
2.0,0000000010
2.0,0000100000
2.0,0000100000
2.0,0000000001
2.0,0100000100
2.0,0100000000
2.0,0000000000
2.0,0100000001
2.0,0100100000
2.0,0100000000
2.0,0100000000
2.0,0100000001
2.0,0100000000
2.0,0100000000
2.0,0100000000
2.0,0100000000
2.0,0100010000
2.0,0000000010
2.0,0000100000
2.0,0000100000
2.0,0100000000
2.0,0100000001
2.0,0000000000
2.0,1100000000
2.0,0000100000
2.0,0000100000
2.0,0000100000
2.0,0000100100
2.0,0100010000
2.0,0100000000
2.0,0100000000
2.0,0000100000
2.0,0100000000
2.0,0100100000
2.0,0000000000
2.0,0100000000
2.0,0000100000
2.0,0100000000
2.0,0000000010
2.0,0000100000
2.0,0100000100
2.0,0100000000
2.0,0001100001
2.0,0100000000
2.0,0000000010
2.0,0100000001
2.0,0000000000
2.0,0000100000
2.0,0000100000
2.0,0100000001
2.0,0100000000
2.0,0000100010
2.0,0100000001
